{
  "validation_timestamp": 1754446028.6327217,
  "total_categories": 8,
  "passed_categories": 8,
  "failed_categories": 0,
  "crashed_categories": 0,
  "success_rate": 1.0,
  "total_duration": 3.371068239212036,
  "detailed_results": {
    "System Architecture": {
      "status": "PASS",
      "duration": 0.12427163124084473,
      "timestamp": 1754446025.3858418
    },
    "Performance Requirements": {
      "status": "PASS",
      "duration": 0.15441632270812988,
      "timestamp": 1754446025.5402749
    },
    "Configuration Management": {
      "status": "PASS",
      "duration": 0.0018146038055419922,
      "timestamp": 1754446025.5420923
    },
    "Health Monitoring": {
      "status": "PASS",
      "duration": 2.008758783340454,
      "timestamp": 1754446027.5508544
    },
    "Security & Reliability": {
      "status": "PASS",
      "duration": 0.005491733551025391,
      "timestamp": 1754446027.5563514
    },
    "Integration Compatibility": {
      "status": "PASS",
      "duration": 0.01236867904663086,
      "timestamp": 1754446027.568724
    },
    "Documentation & Support": {
      "status": "PASS",
      "duration": 4.863739013671875e-05,
      "timestamp": 1754446027.5687757
    },
    "Deployment Readiness": {
      "status": "PASS",
      "duration": 1.0638978481292725,
      "timestamp": 1754446028.6326761
    }
  },
  "critical_failures": [],
  "warnings": [],
  "production_ready": true
}